group1,group2,mean_rising,mean_falling,diff_mean,t_stat,p_value,conf_low,conf_high,n_rising,n_falling
Rising,Falling,0.007672773396447121,0.013344428014562273,-0.005671654618115153,0.5517756895240005,0.582976198236308,-0.014853049976629278,0.026196359212859583,58,34
